"Timestamp","ArchitectureBlock","BytesIngested","EffectiveBandwidthGBs","ComputationalDensity","ExecutionJitterMs","CacheLineAlignment","HardwareState"
"2026-09-02 10:17:42.039","BLOCK_0x0001","33554432","0.0576","0.11727","542.543","OPTIMIZED_64B","VERIFIED_ISOMORPHIC"
"2026-09-02 10:17:42.634","BLOCK_0x0002","33554432","0.0531","0.116839","588.295","OPTIMIZED_64B","VERIFIED_ISOMORPHIC"
"2026-09-02 10:17:43.170","BLOCK_0x0003","33554432","0.0591","0.11743","528.601","OPTIMIZED_64B","VERIFIED_ISOMORPHIC"
"2026-09-02 10:17:43.708","BLOCK_0x0004","33554432","0.0588","0.119122","531.385","OPTIMIZED_64B","VERIFIED_ISOMORPHIC"
"2026-09-02 10:17:44.252","BLOCK_0x0005","33554432","0.0582","0.119008","537.006","OPTIMIZED_64B","VERIFIED_ISOMORPHIC"
"2026-09-02 10:17:44.796","BLOCK_0x0006","33554432","0.0582","0.119353","536.803","OPTIMIZED_64B","VERIFIED_ISOMORPHIC"
"2026-09-02 10:17:45.330","BLOCK_0x0007","33554432","0.0592","0.118046","527.827","OPTIMIZED_64B","VERIFIED_ISOMORPHIC"
"2026-09-02 10:17:45.865","BLOCK_0x0008","33554432","0.0591","0.11809","528.537","OPTIMIZED_64B","VERIFIED_ISOMORPHIC"
"2026-09-02 10:17:46.400","BLOCK_0x0009","33554432","0.0592","0.116404","527.62","OPTIMIZED_64B","VERIFIED_ISOMORPHIC"
"2026-09-02 10:17:46.942","BLOCK_0x000A","33554432","0.0584","0.116383","534.99","OPTIMIZED_64B","VERIFIED_ISOMORPHIC"
"2026-09-02 10:17:47.479","BLOCK_0x000B","33554432","0.0589","0.116771","530.812","OPTIMIZED_64B","VERIFIED_ISOMORPHIC"
"2026-09-02 10:17:48.015","BLOCK_0x000C","33554432","0.059","0.116786","529.407","OPTIMIZED_64B","VERIFIED_ISOMORPHIC"
"2026-09-02 10:17:48.555","BLOCK_0x000D","33554432","0.0586","0.116592","533.076","OPTIMIZED_64B","VERIFIED_ISOMORPHIC"
"2026-09-02 10:17:49.092","BLOCK_0x000E","33554432","0.059","0.118283","529.696","OPTIMIZED_64B","VERIFIED_ISOMORPHIC"
"2026-09-02 10:17:49.630","BLOCK_0x000F","33554432","0.0589","0.118893","530.3","OPTIMIZED_64B","VERIFIED_ISOMORPHIC"
"2026-09-02 10:17:50.166","BLOCK_0x0010","33554432","0.059","0.116138","529.349","OPTIMIZED_64B","VERIFIED_ISOMORPHIC"
"2026-09-02 10:17:50.709","BLOCK_0x0011","33554432","0.0583","0.116231","535.861","OPTIMIZED_64B","VERIFIED_ISOMORPHIC"
"2026-09-02 10:17:51.250","BLOCK_0x0012","33554432","0.0585","0.116775","534.025","OPTIMIZED_64B","VERIFIED_ISOMORPHIC"
"2026-09-02 10:17:51.792","BLOCK_0x0013","33554432","0.0584","0.116918","534.662","OPTIMIZED_64B","VERIFIED_ISOMORPHIC"
"2026-09-02 10:17:52.327","BLOCK_0x0014","33554432","0.0592","0.116401","527.449","OPTIMIZED_64B","VERIFIED_ISOMORPHIC"
"2026-09-02 10:17:52.851","BLOCK_0x0015","33554432","0.0604","0.116832","517.585","OPTIMIZED_64B","VERIFIED_ISOMORPHIC"
"2026-09-02 10:17:53.380","BLOCK_0x0016","33554432","0.0598","0.117283","522.277","OPTIMIZED_64B","VERIFIED_ISOMORPHIC"
"2026-09-02 10:17:53.916","BLOCK_0x0017","33554432","0.0592","0.117277","528.104","OPTIMIZED_64B","VERIFIED_ISOMORPHIC"
"2026-09-02 10:17:54.456","BLOCK_0x0018","33554432","0.0586","0.117262","533.608","OPTIMIZED_64B","VERIFIED_ISOMORPHIC"
"2026-09-02 10:17:54.990","BLOCK_0x0019","33554432","0.0593","0.116512","527.342","OPTIMIZED_64B","VERIFIED_ISOMORPHIC"
"2026-09-02 10:17:55.536","BLOCK_0x001A","33554432","0.058","0.116593","539.223","OPTIMIZED_64B","VERIFIED_ISOMORPHIC"
"2026-09-02 10:17:56.069","BLOCK_0x001B","33554432","0.0594","0.116691","525.933","OPTIMIZED_64B","VERIFIED_ISOMORPHIC"
"2026-09-02 10:17:56.603","BLOCK_0x001C","33554432","0.0593","0.116652","526.749","OPTIMIZED_64B","VERIFIED_ISOMORPHIC"
"2026-09-02 10:17:57.152","BLOCK_0x001D","33554432","0.0577","0.116273","541.695","OPTIMIZED_64B","VERIFIED_ISOMORPHIC"
"2026-09-02 10:17:57.688","BLOCK_0x001E","33554432","0.0591","0.117348","528.814","OPTIMIZED_64B","VERIFIED_ISOMORPHIC"
"2026-09-02 10:17:58.227","BLOCK_0x001F","33554432","0.0586","0.116812","533.075","OPTIMIZED_64B","VERIFIED_ISOMORPHIC"
"2026-09-02 10:17:58.762","BLOCK_0x0020","33554432","0.0593","0.117063","527.337","OPTIMIZED_64B","VERIFIED_ISOMORPHIC"
"2026-09-02 10:17:59.293","BLOCK_0x0021","33554432","0.0596","0.119157","523.996","OPTIMIZED_64B","VERIFIED_ISOMORPHIC"
"2026-09-02 10:17:59.820","BLOCK_0x0022","33554432","0.06","0.119121","520.976","OPTIMIZED_64B","VERIFIED_ISOMORPHIC"
"2026-09-02 10:18:00.355","BLOCK_0x0023","33554432","0.0591","0.119237","528.354","OPTIMIZED_64B","VERIFIED_ISOMORPHIC"
"2026-09-02 10:18:00.895","BLOCK_0x0024","33554432","0.0586","0.118313","532.943","OPTIMIZED_64B","VERIFIED_ISOMORPHIC"
"2026-09-02 10:18:01.431","BLOCK_0x0025","33554432","0.0591","0.118167","528.737","OPTIMIZED_64B","VERIFIED_ISOMORPHIC"
"2026-09-02 10:18:01.968","BLOCK_0x0026","33554432","0.0589","0.116195","530.156","OPTIMIZED_64B","VERIFIED_ISOMORPHIC"
"2026-09-02 10:18:02.496","BLOCK_0x0027","33554432","0.0599","0.116461","521.866","OPTIMIZED_64B","VERIFIED_ISOMORPHIC"
"2026-09-02 10:18:03.027","BLOCK_0x0028","33554432","0.0597","0.116851","523.606","OPTIMIZED_64B","VERIFIED_ISOMORPHIC"
"2026-09-02 10:18:03.562","BLOCK_0x0029","33554432","0.0591","0.116558","528.795","OPTIMIZED_64B","VERIFIED_ISOMORPHIC"
"2026-09-02 10:18:04.088","BLOCK_0x002A","33554432","0.0602","0.116685","519.37","OPTIMIZED_64B","VERIFIED_ISOMORPHIC"
"2026-09-02 10:18:04.617","BLOCK_0x002B","33554432","0.0598","0.118292","522.429","OPTIMIZED_64B","VERIFIED_ISOMORPHIC"
"2026-09-02 10:18:05.144","BLOCK_0x002C","33554432","0.0601","0.118948","519.873","OPTIMIZED_64B","VERIFIED_ISOMORPHIC"
"2026-09-02 10:18:05.677","BLOCK_0x002D","33554432","0.0594","0.116155","526.38","OPTIMIZED_64B","VERIFIED_ISOMORPHIC"
"2026-09-02 10:18:06.207","BLOCK_0x002E","33554432","0.0597","0.116515","523.764","OPTIMIZED_64B","VERIFIED_ISOMORPHIC"
"2026-09-02 10:18:06.734","BLOCK_0x002F","33554432","0.0601","0.116574","519.806","OPTIMIZED_64B","VERIFIED_ISOMORPHIC"
"2026-09-02 10:18:07.264","BLOCK_0x0030","33554432","0.0597","0.116784","523.866","OPTIMIZED_64B","VERIFIED_ISOMORPHIC"
"2026-09-02 10:18:07.795","BLOCK_0x0031","33554432","0.0596","0.116659","524.546","OPTIMIZED_64B","VERIFIED_ISOMORPHIC"
"2026-09-02 10:18:08.323","BLOCK_0x0032","33554432","0.0599","0.116675","521.465","OPTIMIZED_64B","VERIFIED_ISOMORPHIC"
"2026-09-02 10:18:08.851","BLOCK_0x0033","33554432","0.0599","0.117167","521.539","OPTIMIZED_64B","VERIFIED_ISOMORPHIC"
"2026-09-02 10:18:09.380","BLOCK_0x0034","33554432","0.0598","0.117308","522.485","OPTIMIZED_64B","VERIFIED_ISOMORPHIC"
"2026-09-02 10:18:09.910","BLOCK_0x0035","33554432","0.0597","0.117093","523.211","OPTIMIZED_64B","VERIFIED_ISOMORPHIC"
"2026-09-02 10:18:10.441","BLOCK_0x0036","33554432","0.0595","0.116458","524.811","OPTIMIZED_64B","VERIFIED_ISOMORPHIC"
"2026-09-02 10:18:10.969","BLOCK_0x0037","33554432","0.0599","0.116547","521.398","OPTIMIZED_64B","VERIFIED_ISOMORPHIC"
"2026-09-02 10:18:11.497","BLOCK_0x0038","33554432","0.0599","0.116659","522.03","OPTIMIZED_64B","VERIFIED_ISOMORPHIC"
"2026-09-02 10:18:12.025","BLOCK_0x0039","33554432","0.06","0.116846","521.236","OPTIMIZED_64B","VERIFIED_ISOMORPHIC"
"2026-09-02 10:18:12.562","BLOCK_0x003A","33554432","0.059","0.116167","530.093","OPTIMIZED_64B","VERIFIED_ISOMORPHIC"
"2026-09-02 10:18:13.087","BLOCK_0x003B","33554432","0.0602","0.117172","519.476","OPTIMIZED_64B","VERIFIED_ISOMORPHIC"
"2026-09-02 10:18:13.625","BLOCK_0x003C","33554432","0.0588","0.116861","531.071","OPTIMIZED_64B","VERIFIED_ISOMORPHIC"
"2026-09-02 10:18:14.153","BLOCK_0x003D","33554432","0.0599","0.116909","521.423","OPTIMIZED_64B","VERIFIED_ISOMORPHIC"
"2026-09-02 10:18:14.692","BLOCK_0x003E","33554432","0.0587","0.118768","532.708","OPTIMIZED_64B","VERIFIED_ISOMORPHIC"
"2026-09-02 10:18:15.239","BLOCK_0x003F","33554432","0.0578","0.119004","540.286","OPTIMIZED_64B","VERIFIED_ISOMORPHIC"
"2026-09-02 10:18:15.786","BLOCK_0x0040","33554432","0.0579","0.119264","539.428","OPTIMIZED_64B","VERIFIED_ISOMORPHIC"
"2026-09-02 10:18:16.319","BLOCK_0x0041","33554432","0.0593","0.118296","527.188","OPTIMIZED_64B","VERIFIED_ISOMORPHIC"
"2026-09-02 10:18:16.857","BLOCK_0x0042","33554432","0.0589","0.118665","530.945","OPTIMIZED_64B","VERIFIED_ISOMORPHIC"
"2026-09-02 10:18:17.393","BLOCK_0x0043","33554432","0.059","0.116259","529.441","OPTIMIZED_64B","VERIFIED_ISOMORPHIC"
"2026-09-02 10:18:17.925","BLOCK_0x0044","33554432","0.0596","0.116495","524.559","OPTIMIZED_64B","VERIFIED_ISOMORPHIC"
"2026-09-02 10:18:18.459","BLOCK_0x0045","33554432","0.0592","0.116917","527.713","OPTIMIZED_64B","VERIFIED_ISOMORPHIC"
"2026-09-02 10:18:18.994","BLOCK_0x0046","33554432","0.0591","0.116762","528.732","OPTIMIZED_64B","VERIFIED_ISOMORPHIC"
"2026-09-02 10:18:19.526","BLOCK_0x0047","33554432","0.0595","0.116525","525.146","OPTIMIZED_64B","VERIFIED_ISOMORPHIC"
"2026-09-02 10:18:20.060","BLOCK_0x0048","33554432","0.0593","0.118125","527.152","OPTIMIZED_64B","VERIFIED_ISOMORPHIC"
"2026-09-02 10:18:20.593","BLOCK_0x0049","33554432","0.0594","0.11929","526.103","OPTIMIZED_64B","VERIFIED_ISOMORPHIC"
"2026-09-02 10:18:21.121","BLOCK_0x004A","33554432","0.06","0.116288","521.124","OPTIMIZED_64B","VERIFIED_ISOMORPHIC"
"2026-09-02 10:18:21.654","BLOCK_0x004B","33554432","0.0593","0.116447","527.179","OPTIMIZED_64B","VERIFIED_ISOMORPHIC"
"2026-09-02 10:18:22.189","BLOCK_0x004C","33554432","0.0592","0.116635","527.896","OPTIMIZED_64B","VERIFIED_ISOMORPHIC"
"2026-09-02 10:18:22.721","BLOCK_0x004D","33554432","0.0594","0.116831","525.679","OPTIMIZED_64B","VERIFIED_ISOMORPHIC"
"2026-09-02 10:18:23.246","BLOCK_0x004E","33554432","0.0604","0.116747","517.77","OPTIMIZED_64B","VERIFIED_ISOMORPHIC"
"2026-09-02 10:18:23.768","BLOCK_0x004F","33554432","0.0606","0.116802","515.985","OPTIMIZED_64B","VERIFIED_ISOMORPHIC"
"2026-09-02 10:18:24.294","BLOCK_0x0050","33554432","0.0603","0.117355","518.255","OPTIMIZED_64B","VERIFIED_ISOMORPHIC"
"2026-09-02 10:18:24.821","BLOCK_0x0051","33554432","0.0601","0.11729","520.35","OPTIMIZED_64B","VERIFIED_ISOMORPHIC"
"2026-09-02 10:18:25.349","BLOCK_0x0052","33554432","0.0599","0.117184","521.278","OPTIMIZED_64B","VERIFIED_ISOMORPHIC"
"2026-09-02 10:18:25.875","BLOCK_0x0053","33554432","0.06","0.11665","520.4","OPTIMIZED_64B","VERIFIED_ISOMORPHIC"
"2026-09-02 10:18:26.397","BLOCK_0x0054","33554432","0.0607","0.116546","514.712","OPTIMIZED_64B","VERIFIED_ISOMORPHIC"
"2026-09-02 10:18:26.922","BLOCK_0x0055","33554432","0.0602","0.116588","519.175","OPTIMIZED_64B","VERIFIED_ISOMORPHIC"
"2026-09-02 10:18:27.449","BLOCK_0x0056","33554432","0.0601","0.116717","519.864","OPTIMIZED_64B","VERIFIED_ISOMORPHIC"
"2026-09-02 10:18:27.975","BLOCK_0x0057","33554432","0.0601","0.116314","520.378","OPTIMIZED_64B","VERIFIED_ISOMORPHIC"
"2026-09-02 10:18:28.496","BLOCK_0x0058","33554432","0.0608","0.117699","514.287","OPTIMIZED_64B","VERIFIED_ISOMORPHIC"
"2026-09-02 10:18:29.023","BLOCK_0x0059","33554432","0.06","0.119477","520.428","OPTIMIZED_64B","VERIFIED_ISOMORPHIC"
"2026-09-02 10:18:29.338","BLOCK_0x005A","19142839","0.0572","0.118716","311.595","OPTIMIZED_64B","VERIFIED_ISOMORPHIC"
